MAPPED_GENE,SNP ID
AACS,['rs6488987']
AAK1,['rs7577851']
ADAM10,['rs118049686']
ADD1,['rs16843452']
AGAP1,['rs10929159']
AHR,['rs112485576']
ALK,['rs72792300']
ANO2,['rs74709761']
ANO5,['rs11026412']
APOE,"['rs429358', 'rs429358', 'rs429358', 'rs429358']"
AREL1,['rs112288215']
ARHGAP27,['rs8327']
ARHGEF2,['rs71628699']
ASCL4 - WSCD2,['rs10746109']
ASH1L,"['rs145330152', 'rs116540837', 'rs12734374']"
ASS1P14 - SYT10,"['rs138895122', 'rs144847051']"
ASXL3,['rs1941685']
ASXL3 - NOL4,['rs8091977']
ATF6,['rs10918270']
BAG3,"['rs72840788', 'rs144814361']"
BBS9,['rs78294974']
BCKDK,"['rs14235', 'rs14235']"
BIN3,"['rs2280104', 'rs2280104']"
BRINP1,['rs4837628']
BRIP1,"['rs61169879', 'rs61169879']"
BST1,"['rs11724635', 'rs6449168', 'rs4266290', 'rs4698412', 'rs11724635', 'rs4698412', 'rs4538475', 'rs4698412', 'rs4698412', 'rs4698412', 'rs11724635']"
C5orf24 - TXNDC15,['rs11950533']
C5orf52,['rs10051838']
CA8,['rs144074972']
CAB39L,"['rs9568188', 'rs9568188']"
CACNA1B,['rs2278973']
CACNA2D3,['rs75337321']
CAMK2D,"['rs13117519', 'rs78738012', 'rs17483653', 'rs13117519']"
CAMTA1,['rs7532024']
CAPN13 - GALNT14,['rs144125291']
CARS2,['rs74125032']
CASC16,"['rs4784227', 'rs3104783', 'rs3104776']"
CASC16 - PHB1P21,['rs113487377']
CBFA2T3,['rs150854091']
CC2D2A,['rs11941559']
CCDC62,"['rs12817488', 'rs11060180', 'rs11060180', 'rs11060180', 'rs11060112']"
CCDC82,['rs7118648']
CCDC85A,['rs59330234']
CCNT2-AS1,"['rs6430538', 'rs6430538', 'rs6710823', 'rs6430538', 'rs6430538']"
CCSER1,"['rs75541595', 'rs145138919']"
CCT3,"['rs2764407', 'rs35161831']"
CD69 - GCNAP1,['rs4418897']
CD83P1 - RNU6-471P,['rs9393826']
CFAP20DC-DT,['rs6783485']
"CHL1, CHL1-AS1",['rs3773384']
CHRNB1,['rs12600861']
CLCN3,"['rs62333164', 'rs7434295']"
CLRN3,['rs6482992']
CNKSR3,['rs2275336']
CNTN1,"['rs1442190', 'rs73273590', 'rs1442190']"
COL13A1,['rs17497526']
COL5A2,['rs11186']
CRLS1,['rs77351827']
CTC1,['rs3027247']
CTSB,"['rs1293298', 'rs1293298', 'rs2740594', 'rs1293298', 'rs1293298']"
CYCSP42 - RNU6-1326P,['rs2823357']
CYP4Z1,['rs116504637']
CYRIB,['rs2086641']
DAB1,['rs148267997']
DCST1,"['rs11264300', 'rs4845404', 'rs146143531']"
DCUN1D1 - MCCC1,['rs9858038']
DDX46,['rs11956597']
DENND2B,['rs34105455']
DGKQ,"['rs11248060', 'rs11248060', 'rs11248060']"
DIRC1 - COL3A1,['rs997277']
DLG2,"['rs7479949', 'rs3793947', 'rs6592142', 'rs12278023', 'rs12283611', 'rs3793947', 'rs3793947', 'rs10501570']"
DNAH17,['rs666463']
"DNASE1L1, RPL10","['rs28602900', 'rs28602900']"
DSG3,['rs1941184']
DYRK1A,"['rs2248244', 'rs11701722', 'rs2248244', 'rs2248244']"
EFNA3 - Y_RNA,"['rs7367207', 'rs7365544']"
EFNA4-EFNA3,['rs35902694']
EFNB1 - PJA1,['rs11796528']
"EHMT2-AS1, SLC44A4",['rs9267659']
ELOVL7,"['rs1867598', 'rs1867598', 'rs1867598']"
ERCC6L2-AS1,['rs67383717']
EXTL3,['rs73564758']
FAM136FP - NUP50P4,['rs7752646']
FAM171A2,['rs850738']
FAM184A,['rs79987229']
"FAM47E, FAM47E-STBD1","['rs6812193', 'rs12643261', 'rs6812193', 'rs6812193', 'rs6812193', 'rs6812193']"
"FAM47E-STBD1, FAM47E","['rs6854006', 'rs6854006']"
FASN,['rs4485435']
FCGR3B - FCGR2B,['rs17411858']
FDFT1 - CTSB,['rs1296028']
FGD4 - DNM1L,['rs181609621']
FMNL1-DT,['rs62066707']
FYN,"['rs9487736', 'rs1887316']"
GABRG2 - RNU6-164P,['rs11949046']
GABRG3 - OCA2,['rs17565841']
GAK,"['rs11248051', 'rs873786', 'rs1564282', 'rs35541465', 'rs75072999']"
GALNT9 - FBRSL1,"['rs11610045', 'rs11610045']"
GBA1,"['rs421016', 'rs76763715', 'rs76763715', 'rs2230288', 'rs3115534']"
GBA2,['rs186852039']
"GBAP1, GBAP1","['rs28445596', 'rs2049805']"
GBF1,"['rs10748818', 'rs2296887', 'rs10748818']"
GCH1,"['rs11158026', 'rs11158026', 'rs11158026', 'rs11158026', 'rs11158026', 'rs11158026', 'rs11158026']"
GFPT2 - RNU6-525P,['rs10464059']
"GNA12, AMZ1",['rs11772125']
GPM6B,['rs7066890']
GPNMB,"['rs199347', 'rs199351', 'rs199347', 'rs199351']"
GPR19,['rs12813102']
GPR32P1 - GPR32,['rs4802739']
GPR65,"['rs8005172', 'rs8005172']"
GPR89P - RSL24D1P1,['rs4140646']
GPRIN3 - SNCA,"['rs356228', 'rs10516839', 'rs79483792', 'rs114762839']"
GUCY1A2 - ASS1P13,['rs17092224']
GXYLT1,['rs144755950']
"HASPIN, ITGAE",['rs11653889']
HEATR6,['rs61204179']
HIP1R,"['rs10847864', 'rs10847864', 'rs10847864']"
HLA-DQB1 - MTCO3P1,"['rs9275326', 'rs9275152', 'rs9275326']"
HLA-DRA,"['rs3129882', 'rs3129882', 'rs3129882']"
HLA-DRB1 - HLA-DQA1,"['rs17425622', 'rs2647062']"
HMGB1P13 - LINC00326,['rs75859381']
HMGN2P18,['rs35682329']
HMGN2P18 - KRTCAP2,"['rs35749011', 'rs35749011', 'rs35749011', 'rs10908458', 'rs12028043', 'rs35749011']"
HNRNPA1P64 - COX6A1P1,['rs12133858']
"HTR2A, HTR2A-AS1",['rs7984966']
HYCC1 - KLHL7-DT,['rs10256359']
IGSF9B,"['rs3802920', 'rs3802920', 'rs3802920']"
ING1,['rs74125084']
INPP5F,"['rs117896735', 'rs117896735', 'rs117896735']"
IP6K2,"['rs12497850', 'rs12497850', 'rs12497850']"
"IQCJ-SCHIP1, IQCJ",['rs150468541']
IRS2 - RN7SKP10,['rs1078514']
ISM1 - TASP1,['rs1223271']
ITGA2B,"['rs850731', 'rs5910']"
ITGA8,"['rs7077361', 'rs13664', 'rs10906923', 'rs896435', 'rs10906923']"
ITIH1,['rs143918452']
ITPKB,"['rs4653767', 'rs4653767', 'rs4653767', 'rs4653767']"
"ITPKB, ITPKB-IT1",['rs16846351']
KANSL1,"['rs17577094', 'rs113434679', 'rs113564729', 'rs7225002']"
KCNIP3,['rs2042477']
KCNIP4,['rs141863958']
KCNN3,"['rs1218566', 'rs11264275', 'rs11584630', 'rs2798604']"
KCNN3 - PMVK,"['rs1630500', 'rs1630500']"
KCNS3,['rs76116224']
KLHDC1,['rs79503702']
KLHL29,['rs6741991']
KLHL7,['rs28624974']
KNTC1 - HCAR2,['rs34773022']
KPNA1,['rs55961674']
KPNA3,['rs1127021']
KTN1 - RPL13AP3,"['rs8017172', 'rs8012377']"
LAMP3,['rs71314284']
LAMTOR2 - RAB25,"['rs34372695', 'rs34372695']"
LCORL,"['rs7673321', 'rs34025766']"
LHFPL2,['rs344650']
LINC00456 - MBNL2,['rs4771268']
LINC00511,['rs36082764']
LINC00544 - LINC00365,['rs117239007']
LINC01012,"['rs9468199', 'rs4713118', 'rs9468195', 'rs9468199']"
LINC01127 - IL1R2,['rs12467316']
LINC01147,['rs1561758']
LINC01239,['rs77115593']
LINC01307 - LINC01709,"['rs2338971', 'rs2338971']"
LINC01495 - FANCF,['rs55971529']
LINC01500,['rs17833740']
LINC01549,['rs208892']
LINC02063 - LINC02114,['rs62343939']
"LINC02210, LINC02210, LINC02210-CRHR1","['rs393152', 'rs2942168', 'rs365825']"
LINC02210-CRHR1,"['rs62053943', 'rs62053943', 'rs117615688', 'rs9912362', 'rs62053943', 'rs7225082']"
LINC02213 - ANKRD33B,['rs139422381']
LINC02224,['rs13153459']
LINC02331,['rs12431733']
LINC02353 - MAPRE1P2,['rs189093213']
LINC02400 - GXYLT1,['rs138017112']
LINC02451,['rs148294058']
LINC02465 - LINC02479,['rs17050901']
LINC02527 - CCN6,"['rs943437', 'rs997368', 'rs997368', 'rs943437']"
LINC02555,['rs17442721']
LINC02582 - RN7SL401P,['rs12959200']
LINC02629 - PARD3,['rs224750']
LINC02842,"['rs118004610', 'rs118029233']"
LINC02885,['rs5755468']
LINC02889 - SNX13,['rs10253857']
LINC02920 - CYCSP42,['rs1736020']
LINC02949 - LINC02950,"['rs2921073', 'rs2979160']"
LINC03011 - RABGEF1P1,['rs76949143']
LINC03051 - IGSF11,['rs1879553']
LMNA,"['rs10737170', 'rs553016', 'rs577492', 'rs513043']"
LMNB1 - MARCHF3,['rs959573']
LRP1B,['rs80306347']
LRP8,['rs72673189']
LRPPRC - RNU6-566P,"['rs17031893', 'rs10495912', 'rs12185607']"
LRRC25 - SSBP4,['rs111408331']
LRRC30 - PTPRM,['rs79372348']
LRRK2,"['rs1491942', 'rs34778348', 'rs34637584', 'rs34778348', 'rs34637584', 'rs34778348', 'rs17443414', 'rs28903073', 'rs34778348', 'rs34594498', 'rs1491942']"
LRRK2 - MUC19,"['rs190807041', 'rs190807041']"
"LRRK2-DT, LRRK2","['rs76904798', 'rs76904798', 'rs76904798']"
LTK,['rs316619']
LZTS3 - DDRGK1,"['rs8118008', 'rs4815573', 'rs2295545', 'rs8118008']"
MACF1,['rs71642678']
MAD1L1,['rs4721411']
MAP4K4,"['rs11683001', 'rs11683001', 'rs34043159']"
MAPT,"['rs713522', 'rs17649553', 'rs8070723', 'rs17649553']"
MAPT-AS1,"['rs7221167', 'rs7221167']"
"MAPT-AS1, SPPL2C",['rs12185268']
MCCC1,"['rs11711441', 'rs10513789', 'rs2270968', 'rs10513789', 'rs12637471', 'rs12637471', 'rs10513789', 'rs10513789', 'rs140278703']"
"MCCC1, MCCC1-AS1",['rs2292056']
MCTP2,"['rs11634227', 'rs72767442']"
"MDGA2, RPA2P1",['rs9323124']
MED12L,"['rs6803771', 'rs11707416', 'rs2276765']"
MED13,['rs148528915']
MEFV,['rs11466021']
MIPOL1,"['rs12147950', 'rs1956438']"
MIR4485 - RNF141,['rs4910150']
MIR663AHG - FRG1CP,['rs816535']
MLX,['rs665268']
MMRN1,['rs79214011']
MMRN1 - CCSER1,['rs78327649']
MROH3P,['rs4915466']
MSR1 - RN7SL474P,"['rs34096562', 'rs620513', 'rs591323', 'rs11203810', 'rs591323']"
MTF2,['rs11164870']
MTND1P22 - GUCY1A1,['rs17377936']
MTND1P24 - LINC02400,['rs144029582']
MUC1,['rs4072037']
MUC12,['rs78837976']
MUC19,"['rs141128804', 'rs117073808']"
MUC19 - CNTN1,['rs11177328']
MX2,['rs78736162']
MYL6P5 - ROCR,['rs2430514']
MYLK2,"['rs6060983', 'rs6060983']"
Metazoa_SRP - NUCKS1,"['rs12748961', 'rs12118655']"
NABP1 - CAVIN2,['rs4073509']
NAGLU - HSD17B1P1,['rs601999']
NDUFAF2,"['rs2694528', 'rs162227']"
NGEF,['rs113732002']
NIBAN2,['rs10760490']
NKAIN3,['rs151059677']
NOD2,"['rs6500328', 'rs34133110']"
NR1D2,['rs113730632']
NSF,"['rs199453', 'rs183211', 'rs199533', 'rs199533', 'rs199453']"
NTRK1,['rs58519469']
NUCKS1,"['rs823128', 'rs3805']"
NUCKS1 - RAB29,"['rs823118', 'rs823118', 'rs823118', 'rs823118', 'rs823118', 'rs823114']"
NXPE2 - CADM1,['rs4436579']
ODAPH,['rs17000647']
OR5AZ1P - OR5BD1P,['rs687432']
P2RX5 - ITGAE,['rs117672332']
PAM,['rs10463554']
PAM - EIF3KP1,['rs26431']
PARP9,"['rs16833168', 'rs55740225']"
PAX7 - TAS1R2,['rs12063142']
PBXIP1,['rs116114495']
PCGF3,['rs11729193']
PDCL2P1 - PTCHD1,['rs111841435']
PDGFB - RPL3,['rs12628329']
PDLIM2,['rs11783129']
PFDN1P2 - CD38,['rs12651314']
PGS1,['rs77483524']
PHB1P21,['rs10221156']
PI15 - CRISPLD1,['rs2956605']
PIGL,['rs11650438']
PIK3CA,['rs7636454']
PIK3CA-DT,['rs6806917']
PITPNM2,['rs78299420']
PKP2,['rs148163066']
PLA2G10FP - SPRING1P3,['rs180924818']
PLEKHM1,['rs11012']
PLPP4,['rs12771445']
PLPPR1,['rs73656147']
PMF1-BGLAP,['rs1800247']
PMVK,"['rs114138760', 'rs114138760']"
POLR2A,['rs117248307']
POLR3B - RFX4,['rs4964469']
PPP6R2,['rs10775809']
PRDM15,['rs2839398']
PRKAG2,['rs2302532']
PRKCE,['rs78448334']
PRKN,['rs9356013']
PRRG4 - QSER1,['rs10767971']
PSMA6P4 - RPL7AP61,['rs9516970']
PTPRD,['rs7870456']
PWRN4,['rs9783733']
RAB29,"['rs11557080', 'rs11557080', 'rs708723']"
RAB29 - SLC41A1,"['rs947211', 'rs6679073', 'rs947211']"
"RABEP2, CD19",['rs2904880']
RBMS3,"['rs7617877', 'rs6808178', 'rs6808178']"
RBX1 - Y_RNA,['rs73174657']
"RERE, RERE-AS1",['rs302714']
RESF1 - BICD1-AS1,['rs77669894']
RETREG3,['rs12951632']
RILPL2,['rs28659953']
RIMS2,['rs182987047']
RIT1,"['rs1749409', 'rs670523']"
RIT2,"['rs12456492', 'rs4588066', 'rs4130047', 'rs12456492', 'rs12456492', 'rs12456492', 'rs4130047', 'rs12456492', 'rs4130047', 'rs12456492']"
RN7SKP190 - CDH13,['rs13330839']
RN7SL261P - GJA5,['rs6593808']
RN7SL869P - RN7SL35P,['rs1949132']
RNA5SP144 - LARP7P4,['rs181870458']
RNA5SP286 - RORB-AS1,['rs10746953']
RNA5SP443 - ARHGAP27,['rs17686238']
RNA5SP74 - LRRN2,['rs16854023']
RNF141,"['rs7938782', 'rs7938782']"
"RNF217-AS1, NKAIN2",['rs6932127']
RNU4-66P - RIMS1,"['rs12528068', 'rs12528068']"
RNU6-121P - AQP10,['rs35950207']
RNU6-472P - Y_RNA,['rs4421827']
RNU6-481P - FCGR2A,"['rs6658353', 'rs6658353']"
RNU6-835P - GPR65,['rs979812']
RNU7-137P - Y_RNA,['rs1124933']
RORA - LINC02349,"['rs3889108', 'rs2414739', 'rs10519131', 'rs2251086', 'rs2251086', 'rs2414739', 'rs2251086']"
RPL13AP21 - SLC38A1,"['rs7134559', 'rs6582586']"
RPL7AP67 - ZNF24TR,['rs1362858']
RPL7L1P15 - RNU6-667P,['rs4778720']
RPL9P21 - TMEM72-AS1,['rs1480597']
RPS6KL1,['rs3742785']
RTL9,['rs41306249']
RYR2,['rs10495397']
RYR3,['rs148485629']
SALL2 - RBBP4P5,['rs139943801']
SCARB2,"['rs1550556', 'rs6825004', 'rs6825004']"
"SCARB2, FAM47E",['rs4101061']
SCGB1D4 - NPM1P35,['rs953169']
SCN2A,['rs353116']
SEC23IP - MIR4682,['rs118117788']
SEMA4A,['rs41265017']
SEMA4A - SLC25A44,"['rs35643925', 'rs35643925']"
SEMA5A,['rs7702187']
SETD1A,"['rs11150601', 'rs1870293', 'rs11150601']"
SH3GL2,"['rs13294100', 'rs13294100', 'rs2209440', 'rs10756905', 'rs10756907', 'rs1536076', 'rs13294100', 'rs13294100']"
SHROOM3,['rs4859676']
SIPA1L2,"['rs10797576', 'rs10797576', 'rs1326293', 'rs10797576', 'rs10797576']"
SLC18B1,['rs41286192']
SLC28A3 - NTRK2,['rs148603475']
SLC2A13,"['rs10877840', 'rs28370664', 'rs1384236', 'rs28370650', 'rs1994090']"
SLC39A8,['rs13107325']
SLC41A1,"['rs823156', 'rs708726', 'rs708726']"
SLC50A1,['rs12726330']
SLCO1B3,['rs143371462']
SMAD4 - SRSF10P1,"['rs8087969', 'rs8087969']"
SNCA,"['rs356182', 'rs356203', 'rs356182', 'rs356219', 'rs356182', 'rs356182', 'rs6826785', 'rs356220', 'rs8180209', 'rs356182', 'rs356219', 'rs356182', 'rs3796661', 'rs356182', 'rs356220', 'rs356220', 'rs11931074', 'rs2736990', 'rs2736990', 'rs356203', 'rs356220', 'rs356220', 'rs356182', 'rs356220', 'rs1372518', 'rs5019538', 'rs356220', 'rs3775458', 'rs3796661', 'rs356203', 'rs1372518', 'rs356219', 'rs356182', 'rs356182', 'rs356220', 'rs356219']"
SNCA-AS1,"['rs3806789', 'rs983361', 'rs983361']"
SNCA-AS1 - MMRN1,"['rs6532194', 'rs6532197']"
SNX29,['rs150380018']
SP1,['rs34656641']
SPATA19 - IGSF9B,"['rs329648', 'rs329648']"
SPPL2B,"['rs55818311', 'rs55818311']"
SPTSSB,"['rs1450522', 'rs67460515', 'rs1450522']"
SQOR - MTND5P40,['rs17554587']
SREBF1,['rs11868035']
STAP1,['rs2242330']
STK10,['rs77462941']
STK39 - RN7SL813P,"['rs2102808', 'rs4667572', 'rs13016703', 'rs1474055', 'rs9917256', 'rs1474055', 'rs1474055', 'rs12987123']"
STX1B,['rs140820592']
SULT1C2,['rs13424530']
SV2C,"['rs246814', 'rs246815']"
SYBU,['rs6469271']
SYT17,"['rs11343', 'rs11343', 'rs6497339']"
SYT4 - RNA5SP455,['rs75344947']
TBC1D5,"['rs73038319', 'rs4073221', 'rs13078687', 'rs1108439']"
TCEANC2,['rs10788972']
TCIM - SIRLNT,['rs10958605']
TEKT4 - MTCO1P48,['rs187989831']
THSD4,['rs4128840']
TIAL1 - RAD1P1,['rs188789342']
"TMC3, TMC3-AS1",['rs3935740']
TMC5,['rs78926797']
TMEM108,['rs138073281']
TMEM132C,['rs1531246']
TMEM158 - U3,['rs118109628']
TMEM163,"['rs57891859', 'rs4954162', 'rs57891859']"
TMEM175,"['rs34311866', 'rs34311866', 'rs34311866', 'rs34311866', 'rs34311866', 'rs6599389', 'rs34311866', 'rs34884217', 'rs34311866', 'rs34311866', 'rs34311866', 'rs6599388']"
TMEM229B,"['rs1555399', 'rs1555399']"
TMPRSS9,"['rs62120679', 'rs62120679']"
TPI1P1 - RNU6-161P,['rs988295487']
TPM1,['rs117267308']
TPM1 - LACTB,['rs1027647']
TRAPPC2L - PABPN1L,['rs12921479']
TRIM40,['rs9261484']
TRIM46,['rs114525519']
TRPM2,['rs56379273']
TRPS1,['rs74335301']
TSBP1-AS1 - HLA-DRA,['rs2395163']
TXNP1 - INPP5F,['rs2178923']
UBAP2,"['rs6476434', 'rs6476434']"
UBBP4,['rs139221627']
UBTF,['rs2269906']
UNC13B,['rs10121009']
"USP8, USP50",['rs28648524']
VAMP4,['rs10903']
VAMP4 - METTL13,['rs11578699']
VN1R10P - ZNF204P,['rs9461359']
VSTM2L,['rs1998049']
"WBP1L, CYP17A1",['rs17115100']
WDHD1,['rs8018800']
WDR1,['rs10939702']
WDR41,['rs137887044']
WNT3,"['rs199515', 'rs34724124', 'rs415430', 'rs199498', 'rs199498', 'rs11658976', 'rs199501']"
WNT9A - CICP26,['rs849898']
WWOX,"['rs142789964', 'rs8050111']"
XCL1 - DPT,['rs79432789']
Y_RNA - Y_RNA,"['rs6416935', 'rs148534175']"
ZDHHC2,['rs4921739']
"ZNF165, ZSCAN16-AS1",['rs17767294']
ZNF322 - GUSBP2,['rs2451713']
ZNF474 - SNCAIP,"['rs5870994', 'rs17367669']"
ZNF608 - LINC02240,"['rs6875262', 'rs6875262']"
"ZNF646, PRSS53",['rs11865038']
ZP3,['rs6465122']
